2020-12-04 10:05:59,56
2020-12-04 10:06:04,56
2020-12-04 10:06:09,56
2020-12-04 10:06:14,56
2020-12-04 10:06:19,56
2020-12-04 10:06:24,56
2020-12-04 10:06:29,56
2020-12-04 10:06:34,56
2020-12-04 10:06:39,56
2020-12-04 10:06:45,56
2020-12-04 10:06:50,56
2020-12-04 10:06:55,56
2020-12-04 10:07:01,56
2020-12-04 10:07:06,56
2020-12-04 10:07:11,14
2020-12-04 10:07:16,5
2020-12-04 10:07:21,46
2020-12-04 10:07:26,25
2020-12-04 10:07:31,99
2020-12-04 10:07:36,99
2020-12-04 10:07:41,76
2020-12-04 10:07:47,37
